Rank;NOME
1;SANTUCCIO ALBERTA
2;FIAMINGO ROSSELLA
3;RIZZI GIULIA
4;NAVARRIA MARA
5;PAULIS LUCREZIA
6;ISOLA FEDERICA
7;BOZZA ALESSANDRA
8;MARZANI ROBERTA
9;TRADITI GAIA
10;CLERICI ALICE
11;KOWALCZYK SARA MARIA
12;CAFORIO GAIA
13;CRISTOFOLETTO ALLEGRA
14;FERRARI MARTA
15;CAGNIN BEATRICE
16;MACCAGNO CAROLA
17;SILETTI VITTORIA
18;CASALE MARIA ROBERTA
19;PERINI VERA
20;ROSSATTI EMILIA
21;DE MARCHI ELEONORA
22;ORSO ELEONORA
23;FOIETTA NICOL
24;FERRACUTI ELENA
25;TESTA MARIACHIARA
26;CORRADINO ANITA
27;MORCIANO MIRIANA
28;PIZZINI ALESSIA
29;MADRIGNANI BENEDETTA
30;PIATTI SABRINA
31;MARTINI MARGHERITA
32;MUKOID YULIIA
33;GINEX ELEONORA
34;CAPOCCIA BARBARA
35;SICA SUSAN MARIA
36;BILLI SARA
37;PANZERA ISABELLA
38;PAULIS GIULIA
39;FORASTIERI CECILIA
40;BALDASSA GIULIA
41;CENA MARZIA
42;ZOGNO FEDERICA
43;ROSSI ELEONORA
44;CORNALBA CARLOTTA
45;FAVA BEATRICE
46;TOGNETTI AURORA
47;ROMEO VIRGINIA
48;MICHELI ELENA
49;VITALI ASIA
50;ACCARDI CLAUDIA
51;DELLA CIOPPA SARA
52;CASAMENTI ALICE
53;DEL MASTIO PRISCILLA
54;ISIDORI SILVIA
55;SCIARRA DALILA
56;BUSNELLI MATILDE
57;COSTANTINI LUDOVICA
58;BARBIERI MATILDE
59;PIEROPAN BEATRICE
60;INCORVAIA GIADA
61;BELLINI MATILDE
62;DRAG SOFIA
63;CHWOJNIK TAMARA
64;CARPEGNA SARA
65;DE PICCOLI CHIARA
66;CRISTINA AURORA MARIA
67;CIMINI CHIARA
68;QUIRINI SOFIA
69;BILLI SOFIA
70;BIASI ELENA
71;SPINELLI ALICE ILDE
72;ROMANO ALESSANDRA
73;PARMESANI FRANCESCA
74;FANTINI FRANCESCA
75;LIBERATI SILVIA
76;FINIZIO IDA
77;LAMBERTINI ALICE
78;DI MARTINO LUDOVICA
79;AUTERI CATERINA
80;GAMBARDELLA ROBERTA
81;GENTILE FRANCESCA
82;PANZERA CHIARA
83;VOLPI ASIA
84;CIACCA CAMILLA
85;CAMPAGNA FEDERICA
86;CATTANEO FRANCESCA
87;MAZZUCCO SOFIA
88;SIGNANI ISABELLA
89;PENNISI ELENA MARIA
90;OGGIONI ANNA
91;SPAZZOLI FRANCESCA
92;CAPODAGLIO SABRINA
93;PICHLER LISA
94;MAGNI BIANCA
95;CALVANESE ALESSANDRA
96;TOGNETTI FRANCESCA
97;DALIA SVEVA
98;BERTINETTI DIANA
99;WELLS TESLA
100;FUCCARO ISABELLA
101;MARTEWICZ KALINA MAGDALENA
102;CASSANO ALICE
103;GALLINA GIORDANA
104;VIGORITO IRENE
105;LANGELLOTTI CARLA
106;PIERACCIANI ALICE
107;TORRISI SOFIA
108;PINTUCCI SARA
109;DE ALTI SARA
110;MONTECCHIA LUDOVICA
111;AYRES BEATRICE
112;CAMPANI LETIZIA
113;ALESSANDRO GIULIA
114;OLIVIERI ILARIA
115;AGATH THORDIS
116;GABOLA GIULIA IRMA ADELAIDE
117;ROSIELLO GIULIA
118;BRAGATO LETIZIA
119;MARCHI LAVINIA
120;ZITTI ANASTASIA
121;SCEPPACERCA CAMILLA
122;LOSITO ROSA ALBA
123;VENTURI REBECCA
124;BARUZZI RACHELE
125;LANDI MARIA LAURA
126;CALOGIURI CAROLA
127;PETELLA ARIANNA
128;COLOMBINI CECILIA
129;LAZZARI VITTORIA
130;ORLANDO LUCREZIA
131;FUSACCHIA EMANUELA
132;DALLA PRIA VANESSA
133;SPADARO CHIARA
134;RAGONE ERICA
135;PENNISI ALESSANDRA
136;LIMONTA MICHELA
137;DE BONI PAOLA
138;GERHARDT SOFIA VALENTINA
139;ADOSINI MARIACLOTILDE
140;CASALI VIOLA
141;ROSADI IRENE
142;TARANTINI DOROTEA
143;TOSI ALICE
144;AMBROSI ISABELLA
145;AGATA ARIANNA
146;PIATTI KATERINA
147;MIGLINO LUCIA
148;BARONCINI VITTORIA
149;GIORDANI SARA
150;ARMALEO GIORGIA
151;CRESTA LAURA
152;PERNINI GIORGIA
153;FRANCHINI ALICE
154;CORDIOLI ANNA
155;DE LUCA DILETTA
156;FERRERO MATILDA ARIEL
157;GIUFFRÈ BENEDETTA BARBARA MARIA
158;GALLI LUCREZIA
159;FRAGIOTTA ESTER
160;ALESSANDRI GIULIA
161;BELTRAMI RAFFAELLA
162;TOGNARINI SOFIA
163;SANTONOCITO ELEONORA CAROLA
164;QUATTRINI MARIA CLARA
165;PANTALEO DEVA
166;PULCINI RACHELE
167;LEONELLI GAIA
168;SRICHIA EMMA
169;CORRALES SILVEIRA JUANA DE LA CARIDAD
170;ZANNI SABRINA
171;MORSIANI EMMA
172;RUSSO GIADA
173;ONGARO GIORGIA
174;LOPEZ MARIA LEA
175;NICOLI ANNA
176;COLOMBO CAROLA EMILIA
177;SCOLLO ARIANNA
178;PINYOL TOMAS DANIELA
179;PASQUALI GIULIA
180;GUERRAZZI LUCREZIA
181;BERTOGLIO FRANCESCA
182;AMATI GIORGIA
183;MELIS ANITA
184;RINALDI ELISABETTA
185;FALCONE BIANCA
186;SESSA MARTINA
187;LANTERMO MATILDE
188;TOGNI GIULIA
189;PANI ARIANNA
190;CASAMENTI ANNA
191;VITELLI FIORENZA
192;CORRADO ALICE
193;PAONI LAURA
194;TRAPASSO CECILIA
195;MALAMUT REBECCA
196;ZAMPARO ANNALENA
197;GALLI VERONICA
198;BLASONI TAMARA PAOLA
199;CARRA SOFIA
200;CASTIGLIOLA MARTA
201;MORETTI GAIA
202;SANSONE ARIANNA
203;BARATELLI ALICE
204;DE CAPRIO AGNESE
205;TIRIBELLO CHIARALUNA
206;RUDNYTSKA ANTONINA
207;MARCUZZI IOGNA MARTINA
208;ARMEZZANI ALICE
209;BEVILACQUA ARIANNA
210;TONELLI SARA
211;VERRI ERICA
212;VAI FRANCESCA
213;PASQUA CARLOTTA
214;AVIANO ELISA
215;CORNAMUSINI GINEVRA
216;CALÌ BENEDETTA
217;GENNARI ANNA
218;VISCARDI ALICE
219;BARAGIOTTA VITTORIA
220;GIULIANI NICOLE
221;POLITELLI ANASTASIA
222;BONECHI BEATRICE
223;FABRIZI GIULIA
224;CHIACCHIO LAURA
225;SENATORE FRANCESCA
226;CIANI CAROLINA
227;ROSANI SUSANNA
228;GALBIATI MARTA
229;CUCCHIARA AURORA
230;GAUDINA GIORGIA
231;BUA MATILDE
232;DEL REGNO CLAUDIA
233;COTUMACCIO CHIARA
234;MORA LUCREZIA
235;DE LAZZARI VITTORIA GAIA
236;FERRU CHIARA
237;MONDELLI CAMILLA
238;CAPONE ELOISA
239;LA TORRE MARIA EMANUELA
240;VARTYVANOVA TETIANA
241;BENTIVOGLI ANNA
242;DALLA VILLA ANITA
243;OLIBONI CHIARA
244;POGGI MARGHERITA
245;GRASSO AGATA ALBERTA
246;BERNARDIS MARIA CHIARA
247;BENEDETTI VERONICA
248;ANGRISANI VITTORIA
249;DE SIMONE CARLA
250;PRAMPOLINI IRENE
251;AMATO SVEVA
252;DEL PAPA BENEDETTA
253;ROBBI FEDERICA
254;ZEDDA SIMONA
255;BERNARDO ANITA
256;PORTACCI MATILDE
257;LO BASCIO MARTA
258;GALLERO-ALLOERO ANITA
259;QUAGLIOZZI GIULIA
260;FIZZOTTI FEDERICA
261;TORRICELLI ISABELLA
262;PENNISI IRENE
263;GADALETA ANNA
264;RETILLO CARLOTTA MARIA
265;MEDINA CERRATO ELEONORA
266;DI GNEO CRISTIANA
267;KUMARI PAYAM
268;BIFFI VALENTINA
269;CAVALLO FRANCESCA ROMANA
270;SILVA MARCELA
271;BREGLIA ANTONIETTA
272;TAGLIABÒ FRANCESCA
273;CASTAGNOLI CHIARA
274;PASQUINO ROSSANA
275;BRUNATI SOFIA
276;BALDRATI MARTA
277;CONTI VANESSA
278;CASSINA MATILDE
279;CRAVERO LUCIA
280;NASCETTI SILVIA
281;MARKOWSKA JULIA ANNA
282;CAFFINO SARA
283;BIAGINI ALESSIA
284;NASCHINI MARZIA
285;PALMIERI ARIANNA
286;CORNEGLIO GIULIA
287;GRECO SILVIA
288;BORTOLUSSI GAIA
289;CHIAROLANZA MARIACAROLINA
290;BECUCCI SABRINA
291;DI NORCIA MILENA
292;DI LEO LIVIA
293;ZANOTTI MADDALENA
294;NEGRONI ANITA
295;BARERA FRANCESCA BENEDETTA
296;ZALIANI ALICE
297;SALADDINO SARA
298;GALEAZZI FLAVIA
299;BIRIUKOVA ZLATA
300;PASIN LARA
301;BARATTA MARGHERITA
302;BELLI CATERINA
303;KAINE JULIET
304;DIENG FATOU
305;ALBANESE ELENA
306;VELA LAURA
307;LI BRIZZI MARCELLA
308;PIERINI MICHELA
309;MOROSI FRANCESCA
310;SOMMA GIOVANNELLA
311;ANTONUCCI ELENA
312;RINAUDO ALICE
313;MOSCONI ARIANNA ELISA
314;CALDARONE GIORGIA
315;DELFINO LAVINIA
316;BOSCARELLI FRANCESCA
317;MOLINARIO GINEVRA
318;OSLAND TERESA
319;JAREK CAMPIOLI MAGDALENA HELENA
320;CASTANO EMMA
321;PELLICANÒ MARIACHIARA
322;PURICELLI LAURA
323;COSENTINO CHIARA
324;SCHALM SHERRAINE RENÈ
325;SALATINO MARTINA
326;MARCELLO DEL MAJNO ANNA
327;RUSCITTO ALESSIA
328;GRASSO LUCIA
329;DONATELLI TERESA
330;GIANNICO ELENA
331;LOTTI LAURA
332;ALDANA JULIAN NAIARA
333;CAPOCCETTI ADELE
334;CATTA MARIA IRENE
335;SPINA VITTORIA
336;TASSANO AGLAIA
337;VILLA ALESSANDRA MARIA CRI
338;BRIGANTI INDIA
339;TROPEANO ALESSIA
340;CAMPOLONGO SERENA
341;ACHENZA FRANCESCA
342;SEGATTO ALESSANDRA
343;GIAMPIERI ELENA
344;CAVANI VITTORIA
345;AY USE CISEN
346;FAVA SABINA
347;COCCO ELEONORA
348;CESARINI GIULIA
349;BECECCO ANNA
350;FILACORDA LUCIA
351;PALOMBA ILARIA
352;LUCIFORA AGNESE
353;MARCOCCIO ASIA
354;FONTANELLA MARIA
355;DEMMA VITTORIA
356;BALDINI MARTINA
357;MIKOLIC IVANA
358;LIGNOLA ANNA MARGHERITA
359;VINCIGUERRA GIULIA
360;CASULA ROSA MARIA
361;MAIORANO SABA
362;TESSARI SARA
363;DATTOLA MIRELLA
364;GRISANTI GRETA
365;VINCIGUERRA ALESSANDRA
366;TAMOSIUNAITE GRETA
367;URANIA STEFANIA
368;MARTELLI VERONICA
368;DI FRANCESCANTONIO OLIMPIA
370;PELLICANÒ GIULIA
371;GIORGI AGNESE
372;CHRAIM ZAKIYA
373;GIOVANNETTI ELISABETTA
374;CORSARO VIOLA
375;GALLO CHIARA
376;CHITARRONI MARILISA
377;BAGNOLO LIA
378;OBINO MARIA LAURA
379;MARANI ANITA
380;MASSI ALICE
381;DELLA CIANA CATERINA
382;MIGNANO VALERIA
383;ROSSI CHIARA
384;VERSARI GRETA
385;ANDALÒ SARA
386;MUCIG ARIANNA
387;CORTESE CHIARA
388;GULINO FRANCESCA
389;MOZZI SIMONA
390;GIULIANO BARBARA
391;DE SICOT CARLA MARTA
392;BOMMARITO VIRGINIA
393;SGUBBI ANITA
394;CARMINATI VITTORIA
395;BIGOLIN GABRIELLA
396;MARRA MARTINA
397;SCARPA VIVIANA
398;MESSINA CRISTINA
399;PERIN VISNJA
400;SERMANN CHIARA
401;PALAZZARI EMILIA
402;SOTERO ALICE
403;CATALFAMO CECILIA AUGUSTA
404;CASCIARO VITTORIA
405;DI GIORGIO FEDERICA
406;SAPONARO GRETA
407;AINA FRANCESCA
408;MANNA ADRIANA
409;SABATINI MARGHERITA
410;DI MARIO ANGELICA
411;TREVISAN CHIARA
412;FELIZIAN CARLOTTA
413;SALUTARI VIOLA
414;VIOLATI FLAMINIA
415;RUSSO FRANCESCA
416;MACIEJEWSKA MONIKA
417;LANZILLO FABIANA
418;DITOMMASO VIRGINIA
419;BEERBOHM MARGHERITA
420;MAIOLI VERDIANA
421;MALAVOLTI VALERIA
422;CASALETTI MARTINA
423;BRINI DOMITILLA
424;SAIU ELEONORA
425;SABATINI BENEDETTA
426;GIANNECCHINI ALESSIA
427;LUCIANI SARA
428;SETTEFONTI LINDA
429;VERNALEONE EVA ELISA
430;MAJELLO CECILIA
431;RAGOZZINO ANTHEA
432;CHIRICO ALESSIA
433;LUCIFORA SOFIA
434;METUSHI NICOLE
435;CRESCENTINI GIULIA SOFIA
436;CUCÈ SOFIA
437;GIUGNI CARLOTTA
438;POLINI MATILDE
439;GASPAROTTI AGNESE
440;LATTANZI CARMILLA
441;LIZZIO LIVIA
442;LUCA BEATRICE
443;CLIVIO LARA
443;SIMONGINI MARTINA
445;ERA RACHELE
446;CERASA NATALI'
447;VILLA ALESSANDRA
448;MEROLA GRETA
449;DONDI MATILDE
450;LOMBARDO MARIA IRENE
451;OLDANI GIULIA
452;BETTI GIADA
453;GALANTE MARTINA
454;WIRZ MARTA
455;GALLO GIORGIA
456;VICARI LUCREZIA
457;PANCRAZI VALENTINA
458;CARROZZA GRETA
459;LEOTTA SOFIA
460;LONGO GLORIA
461;MOSTOLA ALESSANDRA
462;LAGGIA LUDOVICA
463;ZILLI CRISTINA
464;CONTE CARLOTTA
465;MOSCHINI AMBRA
466;ZINI LAVINIA
467;BAVESTRELLO CHIARA
468;MANTELLI LUDOVICA
469;ARUS VITTORIA
470;MARIANO REFUGIO KRISTIAN ANGELI
471;PENSA FRANCESCA VANNINA CHIARA
472;RAVASI ROBERTA
473;GRASSI SOFIA
474;BATTAZZA ILARIA
475;ALBERTINI KEYRA
476;MODESTI LETIZIA
477;BRAGAGGIA GIULIA
478;GREGORUTTI ANITA
479;SONZOGNI MARIA
480;LANFRANCO MANUELA
481;RAITERI MARGHERITA
482;CIAMPALINI BENEDETTA
483;PANTALEO AFRA CLAUDIA
484;PELUSI MARTA
485;DOGLIOTTI IRENE
486;MOROTTI CATERINA
487;MASSARENTI SILVIA
488;CARMINATI CAMILLA
489;FOSSATI LINDA
490;PIEMONTE ELEONORA
491;SCOMAZZON MADDALENA
492;GENNACCARI VALERIA
493;CANTATORE BEATRICE
494;NOVARINI CARLOTTA ANNA
495;MIROCZNYK SERENA
496;VIGLIOTTI MARIA PIA
497;D'AGNANO LARA
498;PECO SAMANTHA
499;CABRAS STEFANIA
500;BIUNDO FRANCESCA
501;SPANO FABIOLA
502;LAVIANO GIADA
503;MALATINI FEDERICA
504;BERTOLLO CRISTINA
504;RUNCO GIULIA
506;DI MEO DENISE
507;FREGARA VIOLA
508;SALIDU CAMILLA
509;LANTELME VALERIA
510;AMORUSO BATTISTA NEVA
511;BERDIANU IONELA
512;LONGO GIULIA
513;DEL TORRE CAMILLA RITA
514;TESSARI ALICE
515;BARDASCINO MARIAFERNANDA
516;CUOMO ANGELICA
517;STORTI BEATRICE
518;BENTIVOGLI MARIA
519;NOMEN NOGUERA MIREIA
520;PANI MATILDE
521;GUERRIERI MARTINA
522;MINGIARDI OLIVIA
523;PALLOTTA BENEDETTA
524;SOZZI NIKOLA
525;CARAVAGLIOS SOFIA
526;FIORE SOFIA
527;AVANCINI ANNALISA
528;MANGÈ GINEVRA
529;DE LISI FLAVIA
530;POLACCI SARA SOFIA
531;AMATO ALICE
532;GRASSI FABRIZIA
533;ZAMBELLI CHIARA
534;RUBBUANO LAURA
535;CONTI AGATA
536;BULLITA VALENTINA
537;TARDELLI VIRGINIA
538;CELLETTI FLAVIA
539;GRUPICO GIULIA
540;MANCA FLORIANA MARIA
541;GIAMPIERI ANDREA
541;LANDI AURELI GIULIA
543;TURCO BEATRICE
544;DONATO EVELYNE
545;PELLIZZARI EMMA
546;TRIMBOLI LUCRETIA
547;BIANCO GIULIA
548;SELLITTI LILIANA
549;CONTADINO CARLOTTA
550;ZAGNONI CHIARA
551;CUCCHIARA GRETA
552;BAGGIO ELEONORA
553;MERCURI MARIA BEATRICE
554;DI DIODATO SARA
554;JONYNAITE KAMILA
556;FORTI SARA
557;CUSCINI ELISA
558;LEAL LEAL ANA KARINA
559;CAPACCI CATERINA
560;SESLER TANAS REBECCA
561;ARIU GIULIA
562;LUCONI MARTINA
563;CASCIARO FRANCESCA
564;BARRACO LISA
565;RAGUSA CHIARA
566;CORSO CECILIA
567;FRIGNOLI FEDERICA
568;FIORE SARA
569;SALIMBENI GIULIA
570;LEONARDI MARTINA
571;GIULIANI ARIANNA
572;LAMONACA KAJA
573;GIANGIULIO MARTINA
574;CARROZZA GINEVRA
575;CECCHET IRENE SOFIA
576;HAGBE NTOT MBENOUN SONIA GISELE
577;BONSI IRMA
578;LO BUE SIMONA
579;MANCINELLI MELINDA
580;BELLIN SARA
581;PAROLIN MARIA SOFIA
582;SANTANGELO MARTA
583;TUMMINELLO VALENTINA FRANCESCA
584;MARI MARIANNA
585;PARENTI CAMILLA
586;PIERACCIANI AURORA
587;BASSI ANNA
588;MORSIANI BIANCA
589;BERTUZZO ANNA PAOLA
590;BONZANO EVITA
591;UGOLINI MARGHERITA
592;GUARINI LUCIA
593;MENSA MARCELLA MARIA
594;FREGONESE VERONICA
595;MANGIAROTTI PAOLA
596;MAZZONI ANNA
597;DI GIOIA ANNA
598;AGOSTINI ELISA
599;LABROZZI GIULIA
600;DI BARTOLOMEO SOFIA
601;BUCCIFERRI LUDOVICA
602;MILANESE MICHELLE
603;GIORGI GIADA
604;MATTIELLO LICIA
605;RAMETTA GIULIA
606;ALLARA CECILIA
607;BERTOLO GAIA
608;JAMAI ASMAA
609;SATTIER ELEONORA
610;ALBERGHINI SOFIA
610;CASADIO MARIAGRAZIA
612;DOMENICHINI LIA
613;DA ROZZE MADDALENA
614;MUNARO GIORGIA
615;CHRAIM ELISSA
616;BRACEY VICTORIA
617;MANTI FEDERICA
618;BARBERO GIADA
619;RE MATILDE
620;DALTO GIULIA
621;RICCHETTI CECILIA
622;LULLI ANNA
623;BRUNETTI SOFIA
624;DI MATTEO MARTINA CARLOTTA
625;ZANARDO SARA
626;BUNTINA IRINA
627;DE MEO LARA
628;VENTRELLA CARLOTTA
629;BOCCANERA GIADA
630;BATTOCCHIO ELENA
631;IANNICIELLO CLAUDIA
632;PICARONE LUDOVICA
633;CALO' MAIA
634;PEGORARO GIOVANNA
635;FIORENZA DEBORAH
636;JAMAI AMINA
637;ANTOGNOLI ALESSANDRA
638;CITARELLA CAROLA
639;BIGATTI MARIA ELVIRA
640;MESSINA FLAVIA
641;DANIELE REBECCA
642;CHIRICO SARA
643;VIOLATI FLAVIA
644;NISTRI FRANCESCA
645;LOLLI BEATRICE
646;DI CESARE ELENA
647;CALLOCCHIA LARA
648;MARTIN ASIA
649;CORSINI ROBERTA
650;PATINI GIORGIA
651;ELVO LUCREZIA
652;GAUDIO VIRGINIA
653;PALOMBA ELISA
654;CETRONI MARIA VITTORIA
655;DE CURTIS NINA
656;LANZARO MARTINA
657;BARONI ALESSIA
658;PAGANO CLAUDIA
659;ROSSI CHIARA
660;PLATANIA GIULIA
661;CIMAGLIA ALLEGRA
662;PISANO FIORENZA ANDREA
663;KHOSHTARIA ELISA
664;PIGLIONICO MATILDE
665;CERRI ELISA
666;GIRONI SOFIA
667;GIANNERI GIADA
668;ROSSAROLA MARTINA
669;KIRPU ERIKA
670;PIGANI ANNA
671;FERRENTINO ALESSANDRA
672;SCUDERI AURORA
673;NISI ARIANNA MARIA
674;CARUSO GLORIA
675;MEROLA SERENA
676;BARISELLI SERENA
677;CENNAME FLORA
678;CARTA MARIA CARMEN
679;RUSSO ALICE
680;PERINI GRETA ELENA
681;ARAMINI SARA
682;VESTRI VIOLA
683;MARCOZZI ALICE
684;CIUFFETTI ANDREA VITTORIA
685;BOERO LUDOVICA SOFIA
686;PISONI AGNESE
687;CHINNICI ELISA
688;CALLEGARI ANNA
689;SCORDO MATILDA
690;TAGLIABUE MATILDE
691;TASSISTO CHIARA
692;SALA ELISA
693;GUZZINATI ALICE
694;GASPARI LUCIA
695;CORVASCE GEMMA
696;SALOMONI BIANCA
697;AMBROSET CARLA
698;CANTONI LUCIA
699;OTTINO VITTORIA
700;SIMONE SILVIA
701;ENGEL RENATE
702;LAZZAROTTI GAIA
703;DI MAIO LUDOVICA
704;FISCHETTI BENEDETTA
705;VIGNATI SARAH ELISA
706;DANIELE ELENA
707;GALLINA NICOLE
708;ALDEGHERI SILVIA
709;MACRIPO' MARTINA
710;FONTANA FEDERICA
711;LINO SPARTANO VIRGINIA
712;GRAVAGNUOLO VALENTINA
713;CASCIARO GIORGIA
714;GARELLO BIANCA MARIA
715;ANDRUETTO FRANCESCA
716;GRILLO LOREDANA
717;VALORZI DANIELA
718;MONTANARI SOFIA
719;MAIOCCHI AMELIE
720;BOZZELLA MELISSA
721;HEIM MARTINA
722;SHREYA SHREYA
723;ALECCI ROSAMARIA
724;VALERIANO MARIANNA
725;FERRIELLO ILENA MARGARET
726;OTTOLIA MADDALENA
727;PARODI ELEONORA
728;ROLLERO IRENE
729;UGHI VERONICA
730;BIERTI BEATRICE
731;ZANUTTINI LUDOVICA
732;TAMBÈ ALICE
733;ARREGHINI NICOLETTA
734;BOSCHI ELENA
735;CUTINI CALISTI EVA
736;ZAMPARO VIOLA
737;D'AMBROSIO MARIA TERESA
738;SONZOGNO ENRICA
739;DE GIULI FLAMINIA
740;DI MINICA GINEVRA
741;D'ALESSANDRI ELISABETTA
742;MARTINESCU VALENTINA
743;SAMMARTINO LEANDRA
744;D'AVELLI TERESA
745;BORGIA CRISTINA
746;LORENZI ROBERTA
747;MASCAGNI MARTINA
748;PANACCIO MATILDE
749;PARISELLA ALESSIA
750;ORTU ELEONORA
751;MOISE' MARTA
752;SANTANDREA ANNA
753;FERRI SARA
754;BERNARDINETTI MARIA
755;TAL SHARON
756;FREZZA ALESSANDRA
757;ALFIERI MARTINA
758;SCASSELLATI CAMILLA
759;DE ANGELIS LIVIA
760;RACITI MARIA CRISTINA
761;SCIALDONE ARIANNA
762;VALZECCHI NOEMI
763;PASQUINI ELISABETTA
764;GIOIA TERESA
765;FALQUI EUGENIA
766;PAPARELLI ARIANNA
767;DE VITO CRISTINA
768;VERSARI CARLOTTA
769;MANZITTO MARTA
770;ORIGGI STELLA
771;GRECO CONCETTA
772;SPADARI MATILDE
773;FINOCCHIARO MARIA  CHIARA
774;MUNCACIU LAURA
775;CARNEVALI LUNA
776;LULLIA MARTINA
777;FIORUCCI ALESSIA
778;RESETNEAC MARIA
779;VANZELLA SARA
780;CALZAVARA ANNA
781;D'ANDREA LUDOVICA
782;MARCOMINI VITTORIA
783;NARDINI ISABELLA
784;D'ANDREA SUSANNA
785;ZULIANI LETIZIA
786;LUCARELLI BIANCA
787;AMADEI VIOLA
788;CANTO ALESSIA
789;LENA LUCIA
790;FESTA GIULIA
791;CIRIELLO GAIA
792;ZAMBIANCHI ELEONORA
793;PESCE DIAMARA
794;D'ASCANIO ELENA
795;ZANNONI MARTA
796;SANTANGELO MATILDE
797;CITTI VERONICA
798;MASSARO SARA
799;FRIZZO MATILDA
800;CARRA CATERINA
801;MAZZARI EMMA
802;LA LUMIA MARGHERITA
803;GARBARINO VALENTINA
804;ROMAGNOLI ANGELA
805;SENO KARINA
806;SARTORI ADELE VELLEDA
807;MORNI ALESSIA
808;ZULIANI GAIA
809;BINGELI SIMGE
810;ORLANDI ROSA MARIA THAM
811;MOSCHETTA ANNA MARIA
812;GAUDINA GEORGIANA
813;MOSCA FEDERICA
814;IMBRAGUGLIO GIORGIA
815;INZERILLO ALESSIA
816;BULGARELLI MATILDE
817;ASQUINI ALESSANDRA
818;BOLOGNESI VIOLA
819;MARTINESCU NICOL
820;ROBERTI ELISABETTA
821;DE DONNO ILARIA
822;BUNIOTTO CLIZIA
823;LUCCHI ELISA
824;DALIA MARILINDA
825;TIBI CATERINA
826;CULICELLI CLAUDIA
827;RIBOLDI UMBERTA EMANUELA
828;FIASCHI GINEVRA
829;ROVATI BEATRICE
830;BRANCA FABIOLA GIUSEPPINA
831;ZANOTTI PAOLA
832;MACILLIS CATERINA
833;BRESCIANI AURORA
834;PODANO GIULIA
835;SALZANO SERENA
836;ROSSI SILVIA
837;LANZETTA ALESSIA
838;DE TROIA BEATRICE
838;RETILLO LAVINIA
840;MANCINI ASIA MARIA
841;TOMASELLI MISIA
842;ARCANGELI LIVIA
843;BALDONI ELISABETTA
844;BELLUOMINI MARTA
845;SALIMBENI SOFIA
846;GUGLIELMINO ALESSANDRA
847;GRAVANO MATILDE
848;CIANI TERESA
849;KUMARI SIZA
850;FERRO EMMA
851;MIGNACCO GIOVANNA
851;SACCANI CHIARA STENELLA
853;GERVASINI ANTONELLA
854;ALBA GIADA
855;MARGOTTI BIANCA
856;CARU' ESTER
857;CONCAS NOEMI
858;GABELLA BARBARA
859;DOUVLI SMITH JESSICA LOUISE
860;CONTI LUCREZIA
861;EGLEZ VICTORIA
862;KARMAOUI MANAL
863;CASTIGLIONI ASTRID
864;D'ANTONA PAOLA
865;MALLARDI VALENTINA
866;BONGIOVANNI MARIACHIARA
867;PAGANO ANNA
868;BOMBANA JESSICA
869;ROBBIATI MARTINA
870;FERDINANDI SOFIA
871;MASINI ARIANNA
872;BONELLI CLAUDIA
873;SANTORO COSTANZA
874;AMBROSINI SOFIA
875;MOCCIA FEDERICA
876;FEDELE ESTERINA
877;LOMBARDI EMMA
878;MATTAINI FRANCESCA
879;D'ANDREA DANIELA
880;AGOSTINELLI FEDERICA THUY
881;COLLA BARBARA DEBORA
882;GIRGENTI LUCIA
883;ADAMI ELISABETTA
884;GENOVESI MATILDE
885;CERQUETTI ALICE
886;SGUBIN ELISABETTA
886;PORCELLI FRANCESCA
886;VISINTIN ELENA
889;RISPOLI DORINA
890;GENTILE SWAMY
890;BUSLETTA ARIANNA
892;SPINELLI NARA
893;DI PAOLO CAROLINA
894;D'AMICO NICOLE
895;GANZERLI GINEVRA
896;DI LIBERTO MARGHERITA
897;IANNOTTI LORENZA
898;MENOTTI GIULIA
899;GROHOVAZ STELLA
900;MAGGIONI MATILDE AMALIA
901;CASTAGNA GIULIA
902;ZUPA MARIA
903;AMODIO MARGHERITA
904;DIVITTORIO MARINA
905;LAZZARINI ALESSIA
906;FIORINI GIULIA
907;SATTIER BEATRICE
908;MARICONDA LORELLA
909;PORTO BEATRICE
910;CHUBINIDZE NATIA
911;CONSOLO ISABELLA
912;CONSALES CHIARA MARIA
913;POLO GIULIA
914;BRUSCO CARMEN
915;CASSONE GINEVRA
916;CIANCARELLA NORA
917;MARINI MARIA ADELAIDE
918;ANTONINI MICOL
919;D'AMATA MARIA
920;GRIECO VIOLA
921;BRUN ELISA
922;CASTRUCCI COTICHINI GIULIA
923;LAFFI MARTINA
923;MARMIROLI CINZIA
925;PIRAS CHIARA
925;BUA MARTINA
927;MANNIAS GIADA
928;MORGAN ANNA LUNA
929;CONTESSA CRISTINA
930;BOLDRINI FRIDA
931;BONGIOVANNI JESSICA
932;ALLARA ANNACHIARA
933;TAVERNA MANUELA
934;FRAGIACOMO GAIA GINEVRA
935;AMOROSO ELISABETTA FRANCESCA
936;ALFIERI BEATRICE
937;SALTAFUORI LEA
938;MANZI CARMEN
939;ESPOSITO AURORA
940;BUCCHERI MARTA
941;FRACCALVIERI BEATRICE
942;PENNA ELISA
943;DE PICCOLI VIOLA
944;GHIDELLA SILVIA
945;SUELLA BEATRICE
945;D'AMORE CLAUDIA
947;IOVACCHINI FLAVIA
948;REY REBECCA
949;CIAPPARELLI MARTA
950;COSTANTINI LINDA
951;COLOMBO CECILIA ERMINIA
952;MORONI VIVIANA FRANCESCA
953;TESTA PAOLA
954;NAPOLITANO CATERINA
955;CAPUTO GIULIA
956;MAURO SOPHIA ELENA
957;VISAGGI GIULIA
958;BIANCO CLARISSA
959;SCALABRINI FRANCESCA
960;SALIERNO ALESSANDRA
961;MASCHERONI ASIA
962;PEPE SANEL
963;AZZALI PETRA MARIA
964;RUGGERI AURORA
965;MARCHETTI VIOLA
966;RUSSO SERENA
967;GULINO ADA MARIA
968;BIGOTTO ANTONELLA
969;SCARSO VIRGINIA
970;GALLASTRONI FLORA
971;BARDI IRENE
972;GIACCHERINI VIOLA
973;BARONE FRANCESCA
974;PARAVISI MARIA ROSA
975;SCIASCIA VERONICA
976;INNOCENTI GIULIA CATERINA
977;COSTAN DORIGON LARA
978;DE RIZ ALICE
979;PERAZZINI SOFIA ELDA
980;GRANDI SARA
981;LANOTTE FEDERICA
982;RICATTI VITTORIA
983;MARCHESI CAMILLA
984;DE LORENZI SOFIA MARIA
985;ADINOLFI SARA
986;FELICANI ELENA
987;COSTANTINI GAIA
988;BENETTON ELENA ANNA MARIA
989;BOUKHERISSE CHADA
990;BRATA AMINA IOANA
991;BON BARBARA
992;TIBERIO ROSARIA
993;PEDRAZZINI SILVIA
994;GHIDINI MARTA
995;MODENA NICOLETTA
996;GAROZZO GIULIA
997;PANDOLFI BIANCA
998;CERBONE RADKA MADDALENA
998;COLOMBO BENEDETTA
1000;ALLEGRETTI ELENA
1001;ZIGNONE MICHELA
1002;PORCINO ASIA
1003;MADINI SONIA
1004;PETERSEN-MAHRT ODELIA GABRIELE
1005;FONTANELLA TECLA
1006;SCARPARI CHIARA
1007;SPAGNOLO ANDREA CAROLINA
1008;ASTENGO GINEVRA
1009;GIUSTI SARA
1010;CARAFA VITTORIA
1011;CAMPANILE VALENTINA
1012;VIGNOLI THEA
1013;PROVOLO MARTINA
1014;SAMARDZIC NINA
1015;ANCARANI LUDOVICA
1016;CANCELLIERI VIOLA
1017;FRANCESCONI FEDERICA
1018;MASOTTI FRANCESCA
1019;BOGGIAN MARGHERITA
1020;CAPRETTA GARRIDO ANGELA PAOLA
1021;LANDI FLAVIA
1022;PITTERTSCHATSCHER LIVIA
1023;ARIAUDO FEDERICA
1024;MERCANTI SOFIA
1025;LANGELLA ILARIA CATERINA
1026;FLAIM GRAZIA
1027;SABBIONI SOFIA
1028;PERNA STEFANIA
1029;IRLANDESE EMILIA
1030;PACELLI SOFIA
1031;PARODI VALENTINA
1032;COZZI SIMONA
1033;DI TURSI LIVIA
1034;BAGNASACCO SIBILLA
1035;GHEORGHIV IOV ANASTASIA
1036;GANGI BENEDETTA
1037;FONTANA VITTORIA
1038;BOTTARO SERENA
1039;BRIGNOLA ROSSELLA
1039;PISANA BEATRICE
1039;VENUTI ALICE
1042;DOSSI FRANCESCA
1043;CALIENDO SARA
1044;CIUFFREDA NOEMI RITA
1045;ZUMMO GIADA
1046;RONCA GIULIA MARIA
1047;CHIOCCI EMMA
1048;BACCHIOCCHI SARAVEGA
1049;PELA' MARZIA
1050;MALESANI CATERINA
1051;FONTANA DARIA
1052;PAGANI EMMA
1053;PAPALINO ELISA
1054;CALLARI CHIARA
1055;ZENNARO NICOLE
1056;VITALI FABIANA
1057;CERADINI SARA
1058;TRESSO ELENA
1059;ARMAROLI FRANCESCA
1060;CARUSO CATERINA
1061;LEARDINI ASIA
1062;DE FALCO ANNA
1063;MANTERO FRANCESCA
1064;PASCALE SARA
1065;BALDINI MATILDE
1066;TAGLIAFERRO SOFIA
1067;FRANZESE ELENA
1068;DOZIO GIORGIA
1069;SCAJOLA EMMA
1070;CARUSI FULVIA
1071;ZACCAGNINI CARLOTTA
1072;STIGLIANI DARIA
1073;BROJBAN MELISSA
1074;CERASA SOFIA
1075;RILLO GIULIA
1076;CECALUPO GIORGIA
1077;ACACIA CARLA
1078;CECALUPO GIULIA
1079;ORLANDO SIMONA
1080;ORLANDO FRANCESCA
1081;BRANCACCIO VALENTINA
1082;GUARINO SABRINA
1083;MANIERO FRANCESCA
1084;DI GUIDA SIBILLA
1085;VITTIMBERGA FRANCESCA
1086;BELLUATI MARIA VITTORIA
1087;PALAZZI VERA SOFIA
1088;BOANO BEATRICE
1089;LA FERLA AGATA
1090;RAMELLA PRALUNGO LUCREZIA
1091;FODDANU VERONICA
1092;DE PASQUALE CHIARA ASSUNTA
1093;DI PIERRO LAURA
1094;CIVITELLI LARA
1095;MARINO SIRIA
1096;OLIVA FABIANA
1097;LILLO MILENA
1098;CARTOAFA' ALEXIA MARIA
1099;CAMBIERI CECILIA
1100;MELCARNE CANNIZZO DAFNE CONSTANZA
1101;SCOTTI REBECCA
1102;PENNISI ELEONORA
1103;D'ERRICO ANTONELLA
;
;
;
;
;
;
;
;
;
;
;
;
;
;
;
;
;
;
;
;
;
;
;
;
;
;
;
;
;
;
;
;
;
;
;
;
;
;
;
;
;
;
;
;
;
;
;
;
;
;
;
;
;
;
;
;
;
;
;
;
;
;
;
;
;
;
;
;
;
;
;
;
;
;
;
;
;
;